<?xml version="1.0" encoding="utf-8"?>
<manifest identifier="bOqC4XhLC8Enj" xmlns="http://www.imsglobal.org/xsd/imscp_v1p1" xmlns:imsss="http://www.imsglobal.org/xsd/imsss" xmlns:adlcp="http://www.adlnet.org/xsd/adlcp_v1p3" xmlns:adlseq="http://www.adlnet.org/xsd/adlseq_v1p3" xmlns:adlnav="http://www.adlnet.org/xsd/adlnav_v1p3" xmlns:lom="http://ltsc.ieee.org/xsd/LOM" xmlns:xsi="http://www.w3.org/2001/XMLSchema-instance" xsi:schemaLocation="http://www.imsglobal.org/xsd/imscp_v1p1 imscp_v1p1.xsd http://www.imsglobal.org/xsd/imsss imsss_v1p0.xsd http://www.adlnet.org/xsd/adlcp_v1p3 adlcp_v1p3.xsd http://www.adlnet.org/xsd/adlseq_v1p3 adlseq_v1p3.xsd http://www.adlnet.org/xsd/adlnav_v1p3 adlnav_v1p3.xsd http://ltsc.ieee.org/xsd/LOM lom.xsd">
<metadata>
<schema>ADL SCORM</schema>
<schemaversion>2004 4th Edition</schemaversion>
<lom:lom>
<lom:general>
<lom:title>
<lom:string>Fundamentals of Circular Motion and Angular Kinematics_CONCEPT</lom:string>
</lom:title>
</lom:general>
<lom:educational>
<lom:typicalLearningTime>
<lom:duration>PT1H0M0S</lom:duration>
</lom:typicalLearningTime>
</lom:educational>
</lom:lom>
</metadata>
<organizations default="fundamentals_of_circular_motion_and_angular_kinematics_concept_organization">
<organization identifier="fundamentals_of_circular_motion_and_angular_kinematics_concept_organization">
<title>Fundamentals of Circular Motion and Angular Kinematics_CONCEPT</title>
<item identifier="F87A7FBF-683E-4D18-8692-E2BF1737379E" identifierref="resource">
<title>Fundamentals of Circular Motion and Angular Kinematics_CONCEPT</title>
<imsss:sequencing>
<imsss:deliveryControls completionSetByContent="true" objectiveSetByContent="true"/>
</imsss:sequencing>
</item>
<imsss:sequencing>
<imsss:controlMode flow="true"/>
</imsss:sequencing>
</organization>
</organizations>
<resources>
<resource identifier="resource" type="webcontent" adlcp:scormType="sco" href="res/index.html">
<file href="res/index.html"/>
<file href="res/lms.js"/>
<file href="res/data/thmb1.png"/>
<file href="res/data/slide1.js"/>
<file href="res/data/slide1.css"/>
<file href="res/data/thmb2.png"/>
<file href="res/data/slide2.js"/>
<file href="res/data/slide2.css"/>
<file href="res/data/thmb3.png"/>
<file href="res/data/slide3.js"/>
<file href="res/data/slide3.css"/>
<file href="res/data/thmb4.png"/>
<file href="res/data/slide4.js"/>
<file href="res/data/slide4.css"/>
<file href="res/data/thmb5.png"/>
<file href="res/data/slide5.js"/>
<file href="res/data/slide5.css"/>
<file href="res/data/thmb6.png"/>
<file href="res/data/slide6.js"/>
<file href="res/data/slide6.css"/>
<file href="res/data/thmb7.png"/>
<file href="res/data/slide7.js"/>
<file href="res/data/slide7.css"/>
<file href="res/data/thmb8.png"/>
<file href="res/data/slide8.js"/>
<file href="res/data/slide8.css"/>
<file href="res/data/thmb9.png"/>
<file href="res/data/slide9.js"/>
<file href="res/data/slide9.css"/>
<file href="res/data/thmb10.png"/>
<file href="res/data/slide10.js"/>
<file href="res/data/slide10.css"/>
<file href="res/data/thmb11.png"/>
<file href="res/data/slide11.js"/>
<file href="res/data/slide11.css"/>
<file href="res/data/thmb12.png"/>
<file href="res/data/slide12.js"/>
<file href="res/data/slide12.css"/>
<file href="res/data/thmb13.png"/>
<file href="res/data/slide13.js"/>
<file href="res/data/slide13.css"/>
<file href="res/data/thmb14.png"/>
<file href="res/data/slide14.js"/>
<file href="res/data/slide14.css"/>
<file href="res/data/thmb15.png"/>
<file href="res/data/slide15.js"/>
<file href="res/data/slide15.css"/>
<file href="res/data/thmb16.png"/>
<file href="res/data/slide16.js"/>
<file href="res/data/slide16.css"/>
<file href="res/data/thmb17.png"/>
<file href="res/data/slide17.js"/>
<file href="res/data/slide17.css"/>
<file href="res/data/thmb18.png"/>
<file href="res/data/slide18.js"/>
<file href="res/data/slide18.css"/>
<file href="res/data/thmb19.png"/>
<file href="res/data/slide19.js"/>
<file href="res/data/slide19.css"/>
<file href="res/data/thmb20.png"/>
<file href="res/data/slide20.js"/>
<file href="res/data/slide20.css"/>
<file href="res/data/thmb21.png"/>
<file href="res/data/slide21.js"/>
<file href="res/data/slide21.css"/>
<file href="res/data/thmb22.png"/>
<file href="res/data/slide22.js"/>
<file href="res/data/slide22.css"/>
<file href="res/data/thmb23.png"/>
<file href="res/data/slide23.js"/>
<file href="res/data/slide23.css"/>
<file href="res/data/thmb24.png"/>
<file href="res/data/slide24.js"/>
<file href="res/data/slide24.css"/>
<file href="res/data/thmb25.png"/>
<file href="res/data/slide25.js"/>
<file href="res/data/slide25.css"/>
<file href="res/data/thmb26.png"/>
<file href="res/data/slide26.js"/>
<file href="res/data/slide26.css"/>
<file href="res/data/thmb27.png"/>
<file href="res/data/slide27.js"/>
<file href="res/data/slide27.css"/>
<file href="res/index.html"/>
<file href="res/data/player.js"/>
<file href="res/data/eraser.cur"/>
<file href="res/data/highlighter.cur"/>
<file href="res/data/marker.cur"/>
<file href="res/data/lock.cur"/>
<file href="res/data/browsersupport.js"/>
<file href="res/data/apple-touch-icon.png"/>
<file href="res/data/favicon.ico"/>
<file href="res/data/fnt0.woff"/>
<file href="res/data/fnt1.woff"/>
<file href="res/data/fnt2.woff"/>
<file href="res/data/fnt3.woff"/>
<file href="res/data/fnt4.woff"/>
<file href="res/data/fnt5.woff"/>
<file href="res/data/fnt6.woff"/>
<file href="res/data/fnt7.woff"/>
<file href="res/data/fnt8.woff"/>
<file href="res/data/html5-unsupported.html"/>
<file href="res/data/img0.png"/>
<file href="res/data/img1.png"/>
<file href="res/data/img10.png"/>
<file href="res/data/img100.png"/>
<file href="res/data/img101.png"/>
<file href="res/data/img102.png"/>
<file href="res/data/img103.png"/>
<file href="res/data/img104.png"/>
<file href="res/data/img105.png"/>
<file href="res/data/img106.png"/>
<file href="res/data/img107.png"/>
<file href="res/data/img108.png"/>
<file href="res/data/img109.png"/>
<file href="res/data/img11.png"/>
<file href="res/data/img110.png"/>
<file href="res/data/img111.png"/>
<file href="res/data/img112.png"/>
<file href="res/data/img113.png"/>
<file href="res/data/img114.png"/>
<file href="res/data/img115.png"/>
<file href="res/data/img116.png"/>
<file href="res/data/img117.png"/>
<file href="res/data/img118.png"/>
<file href="res/data/img119.png"/>
<file href="res/data/img12.png"/>
<file href="res/data/img120.png"/>
<file href="res/data/img121.png"/>
<file href="res/data/img122.png"/>
<file href="res/data/img123.png"/>
<file href="res/data/img124.png"/>
<file href="res/data/img125.png"/>
<file href="res/data/img126.png"/>
<file href="res/data/img127.png"/>
<file href="res/data/img128.png"/>
<file href="res/data/img129.png"/>
<file href="res/data/img13.png"/>
<file href="res/data/img130.png"/>
<file href="res/data/img131.png"/>
<file href="res/data/img132.png"/>
<file href="res/data/img133.png"/>
<file href="res/data/img134.png"/>
<file href="res/data/img135.png"/>
<file href="res/data/img136.png"/>
<file href="res/data/img137.png"/>
<file href="res/data/img138.png"/>
<file href="res/data/img139.png"/>
<file href="res/data/img14.png"/>
<file href="res/data/img140.png"/>
<file href="res/data/img141.png"/>
<file href="res/data/img142.png"/>
<file href="res/data/img143.png"/>
<file href="res/data/img144.png"/>
<file href="res/data/img145.png"/>
<file href="res/data/img146.png"/>
<file href="res/data/img147.png"/>
<file href="res/data/img148.png"/>
<file href="res/data/img149.png"/>
<file href="res/data/img15.png"/>
<file href="res/data/img150.png"/>
<file href="res/data/img151.png"/>
<file href="res/data/img152.png"/>
<file href="res/data/img153.png"/>
<file href="res/data/img154.png"/>
<file href="res/data/img155.png"/>
<file href="res/data/img156.png"/>
<file href="res/data/img157.png"/>
<file href="res/data/img158.png"/>
<file href="res/data/img159.png"/>
<file href="res/data/img16.png"/>
<file href="res/data/img160.png"/>
<file href="res/data/img161.png"/>
<file href="res/data/img162.png"/>
<file href="res/data/img163.png"/>
<file href="res/data/img164.png"/>
<file href="res/data/img165.png"/>
<file href="res/data/img166.png"/>
<file href="res/data/img167.png"/>
<file href="res/data/img168.png"/>
<file href="res/data/img169.png"/>
<file href="res/data/img17.png"/>
<file href="res/data/img170.png"/>
<file href="res/data/img171.png"/>
<file href="res/data/img172.png"/>
<file href="res/data/img173.png"/>
<file href="res/data/img174.png"/>
<file href="res/data/img175.png"/>
<file href="res/data/img176.png"/>
<file href="res/data/img177.png"/>
<file href="res/data/img178.png"/>
<file href="res/data/img179.png"/>
<file href="res/data/img18.png"/>
<file href="res/data/img180.png"/>
<file href="res/data/img181.png"/>
<file href="res/data/img182.png"/>
<file href="res/data/img183.png"/>
<file href="res/data/img184.png"/>
<file href="res/data/img185.png"/>
<file href="res/data/img186.png"/>
<file href="res/data/img187.png"/>
<file href="res/data/img188.png"/>
<file href="res/data/img189.png"/>
<file href="res/data/img19.png"/>
<file href="res/data/img190.png"/>
<file href="res/data/img191.png"/>
<file href="res/data/img192.png"/>
<file href="res/data/img193.png"/>
<file href="res/data/img194.png"/>
<file href="res/data/img195.png"/>
<file href="res/data/img196.png"/>
<file href="res/data/img197.png"/>
<file href="res/data/img198.png"/>
<file href="res/data/img199.png"/>
<file href="res/data/img2.png"/>
<file href="res/data/img20.png"/>
<file href="res/data/img200.png"/>
<file href="res/data/img201.png"/>
<file href="res/data/img202.png"/>
<file href="res/data/img203.png"/>
<file href="res/data/img204.png"/>
<file href="res/data/img205.png"/>
<file href="res/data/img206.png"/>
<file href="res/data/img207.png"/>
<file href="res/data/img208.png"/>
<file href="res/data/img209.png"/>
<file href="res/data/img21.png"/>
<file href="res/data/img210.png"/>
<file href="res/data/img211.png"/>
<file href="res/data/img212.png"/>
<file href="res/data/img213.png"/>
<file href="res/data/img214.png"/>
<file href="res/data/img215.png"/>
<file href="res/data/img216.png"/>
<file href="res/data/img217.png"/>
<file href="res/data/img218.png"/>
<file href="res/data/img219.png"/>
<file href="res/data/img22.png"/>
<file href="res/data/img220.png"/>
<file href="res/data/img221.png"/>
<file href="res/data/img222.png"/>
<file href="res/data/img223.png"/>
<file href="res/data/img224.png"/>
<file href="res/data/img225.png"/>
<file href="res/data/img226.png"/>
<file href="res/data/img227.png"/>
<file href="res/data/img228.png"/>
<file href="res/data/img229.png"/>
<file href="res/data/img23.png"/>
<file href="res/data/img230.png"/>
<file href="res/data/img231.png"/>
<file href="res/data/img232.png"/>
<file href="res/data/img233.png"/>
<file href="res/data/img234.png"/>
<file href="res/data/img235.png"/>
<file href="res/data/img236.png"/>
<file href="res/data/img237.png"/>
<file href="res/data/img238.png"/>
<file href="res/data/img239.png"/>
<file href="res/data/img24.png"/>
<file href="res/data/img240.png"/>
<file href="res/data/img241.png"/>
<file href="res/data/img242.png"/>
<file href="res/data/img243.png"/>
<file href="res/data/img244.png"/>
<file href="res/data/img245.png"/>
<file href="res/data/img246.png"/>
<file href="res/data/img247.png"/>
<file href="res/data/img248.png"/>
<file href="res/data/img249.png"/>
<file href="res/data/img25.png"/>
<file href="res/data/img250.png"/>
<file href="res/data/img251.png"/>
<file href="res/data/img252.png"/>
<file href="res/data/img253.png"/>
<file href="res/data/img254.png"/>
<file href="res/data/img255.png"/>
<file href="res/data/img256.png"/>
<file href="res/data/img257.png"/>
<file href="res/data/img258.png"/>
<file href="res/data/img259.png"/>
<file href="res/data/img26.png"/>
<file href="res/data/img260.png"/>
<file href="res/data/img261.png"/>
<file href="res/data/img262.png"/>
<file href="res/data/img263.png"/>
<file href="res/data/img264.png"/>
<file href="res/data/img265.png"/>
<file href="res/data/img266.png"/>
<file href="res/data/img267.png"/>
<file href="res/data/img268.png"/>
<file href="res/data/img269.png"/>
<file href="res/data/img27.png"/>
<file href="res/data/img270.png"/>
<file href="res/data/img271.png"/>
<file href="res/data/img272.png"/>
<file href="res/data/img273.png"/>
<file href="res/data/img274.png"/>
<file href="res/data/img275.png"/>
<file href="res/data/img276.png"/>
<file href="res/data/img277.png"/>
<file href="res/data/img278.png"/>
<file href="res/data/img279.png"/>
<file href="res/data/img28.png"/>
<file href="res/data/img280.png"/>
<file href="res/data/img281.png"/>
<file href="res/data/img282.png"/>
<file href="res/data/img283.png"/>
<file href="res/data/img284.png"/>
<file href="res/data/img285.png"/>
<file href="res/data/img286.png"/>
<file href="res/data/img287.png"/>
<file href="res/data/img288.png"/>
<file href="res/data/img289.png"/>
<file href="res/data/img29.png"/>
<file href="res/data/img290.png"/>
<file href="res/data/img291.png"/>
<file href="res/data/img292.png"/>
<file href="res/data/img293.png"/>
<file href="res/data/img294.png"/>
<file href="res/data/img295.png"/>
<file href="res/data/img296.png"/>
<file href="res/data/img297.png"/>
<file href="res/data/img298.png"/>
<file href="res/data/img299.png"/>
<file href="res/data/img3.png"/>
<file href="res/data/img30.png"/>
<file href="res/data/img300.png"/>
<file href="res/data/img301.png"/>
<file href="res/data/img302.png"/>
<file href="res/data/img31.png"/>
<file href="res/data/img32.png"/>
<file href="res/data/img33.png"/>
<file href="res/data/img34.png"/>
<file href="res/data/img35.png"/>
<file href="res/data/img36.png"/>
<file href="res/data/img37.png"/>
<file href="res/data/img38.png"/>
<file href="res/data/img39.png"/>
<file href="res/data/img4.png"/>
<file href="res/data/img40.png"/>
<file href="res/data/img41.png"/>
<file href="res/data/img42.png"/>
<file href="res/data/img43.png"/>
<file href="res/data/img44.png"/>
<file href="res/data/img45.png"/>
<file href="res/data/img46.png"/>
<file href="res/data/img47.png"/>
<file href="res/data/img48.png"/>
<file href="res/data/img49.png"/>
<file href="res/data/img5.png"/>
<file href="res/data/img50.png"/>
<file href="res/data/img51.png"/>
<file href="res/data/img52.png"/>
<file href="res/data/img53.png"/>
<file href="res/data/img54.png"/>
<file href="res/data/img55.png"/>
<file href="res/data/img56.png"/>
<file href="res/data/img57.png"/>
<file href="res/data/img58.png"/>
<file href="res/data/img59.png"/>
<file href="res/data/img6.png"/>
<file href="res/data/img60.png"/>
<file href="res/data/img61.png"/>
<file href="res/data/img62.png"/>
<file href="res/data/img63.png"/>
<file href="res/data/img64.png"/>
<file href="res/data/img65.png"/>
<file href="res/data/img66.png"/>
<file href="res/data/img67.png"/>
<file href="res/data/img68.png"/>
<file href="res/data/img69.png"/>
<file href="res/data/img7.png"/>
<file href="res/data/img70.png"/>
<file href="res/data/img71.png"/>
<file href="res/data/img72.png"/>
<file href="res/data/img73.png"/>
<file href="res/data/img74.png"/>
<file href="res/data/img75.png"/>
<file href="res/data/img76.png"/>
<file href="res/data/img77.png"/>
<file href="res/data/img78.png"/>
<file href="res/data/img79.png"/>
<file href="res/data/img8.png"/>
<file href="res/data/img80.png"/>
<file href="res/data/img81.png"/>
<file href="res/data/img82.png"/>
<file href="res/data/img83.png"/>
<file href="res/data/img84.png"/>
<file href="res/data/img85.png"/>
<file href="res/data/img86.png"/>
<file href="res/data/img87.png"/>
<file href="res/data/img88.png"/>
<file href="res/data/img89.png"/>
<file href="res/data/img9.png"/>
<file href="res/data/img90.png"/>
<file href="res/data/img91.png"/>
<file href="res/data/img92.png"/>
<file href="res/data/img93.png"/>
<file href="res/data/img94.png"/>
<file href="res/data/img95.png"/>
<file href="res/data/img96.png"/>
<file href="res/data/img97.png"/>
<file href="res/data/img98.png"/>
<file href="res/data/img99.png"/>
<file href="res/data/goodbye.html"/>
</resource>
</resources>
</manifest>
