<?xml version="1.0" encoding="utf-8"?>
<manifest identifier="TycZE94MeP2M2" xmlns="http://www.imsglobal.org/xsd/imscp_v1p1" xmlns:imsss="http://www.imsglobal.org/xsd/imsss" xmlns:adlcp="http://www.adlnet.org/xsd/adlcp_v1p3" xmlns:adlseq="http://www.adlnet.org/xsd/adlseq_v1p3" xmlns:adlnav="http://www.adlnet.org/xsd/adlnav_v1p3" xmlns:lom="http://ltsc.ieee.org/xsd/LOM" xmlns:xsi="http://www.w3.org/2001/XMLSchema-instance" xsi:schemaLocation="http://www.imsglobal.org/xsd/imscp_v1p1 imscp_v1p1.xsd http://www.imsglobal.org/xsd/imsss imsss_v1p0.xsd http://www.adlnet.org/xsd/adlcp_v1p3 adlcp_v1p3.xsd http://www.adlnet.org/xsd/adlseq_v1p3 adlseq_v1p3.xsd http://www.adlnet.org/xsd/adlnav_v1p3 adlnav_v1p3.xsd http://ltsc.ieee.org/xsd/LOM lom.xsd">
<metadata>
<schema>ADL SCORM</schema>
<schemaversion>2004 4th Edition</schemaversion>
<lom:lom>
<lom:general>
<lom:title>
<lom:string>MAESTRO_BIO_AFP_1_PAMT_WORKBOOK</lom:string>
</lom:title>
</lom:general>
<lom:educational>
<lom:typicalLearningTime>
<lom:duration>PT1H0M0S</lom:duration>
</lom:typicalLearningTime>
</lom:educational>
</lom:lom>
</metadata>
<organizations default="maestro_bio_afp_1_pamt_workbook_organization">
<organization identifier="maestro_bio_afp_1_pamt_workbook_organization">
<title>MAESTRO_BIO_AFP_1_PAMT_WORKBOOK</title>
<item identifier="CEA351A7-79FD-480F-AD68-901977F47D26" identifierref="resource">
<title>MAESTRO_BIO_AFP_1_PAMT_WORKBOOK</title>
<imsss:sequencing>
<imsss:deliveryControls completionSetByContent="true" objectiveSetByContent="true"/>
</imsss:sequencing>
</item>
<imsss:sequencing>
<imsss:controlMode flow="true"/>
</imsss:sequencing>
</organization>
</organizations>
<resources>
<resource identifier="resource" type="webcontent" adlcp:scormType="sco" href="res/index.html">
<file href="res/index.html"/>
<file href="res/lms.js"/>
<file href="res/data/thmb1.png"/>
<file href="res/data/slide1.js"/>
<file href="res/data/slide1.css"/>
<file href="res/data.local-only/slide1.js"/>
<file href="res/data/thmb2.png"/>
<file href="res/data/slide2.js"/>
<file href="res/data/slide2.css"/>
<file href="res/data.local-only/slide2.js"/>
<file href="res/data/thmb3.png"/>
<file href="res/data/slide3.js"/>
<file href="res/data/slide3.css"/>
<file href="res/data.local-only/slide3.js"/>
<file href="res/data/thmb4.png"/>
<file href="res/data/slide4.js"/>
<file href="res/data/slide4.css"/>
<file href="res/data.local-only/slide4.js"/>
<file href="res/data/thmb5.png"/>
<file href="res/data/slide5.js"/>
<file href="res/data/slide5.css"/>
<file href="res/data.local-only/slide5.js"/>
<file href="res/data/thmb6.png"/>
<file href="res/data/slide6.js"/>
<file href="res/data/slide6.css"/>
<file href="res/data.local-only/slide6.js"/>
<file href="res/data/thmb7.png"/>
<file href="res/data/slide7.js"/>
<file href="res/data/slide7.css"/>
<file href="res/data.local-only/slide7.js"/>
<file href="res/data/thmb8.png"/>
<file href="res/data/slide8.js"/>
<file href="res/data/slide8.css"/>
<file href="res/data.local-only/slide8.js"/>
<file href="res/data/thmb9.png"/>
<file href="res/data/slide9.js"/>
<file href="res/data/slide9.css"/>
<file href="res/data.local-only/slide9.js"/>
<file href="res/data/thmb10.png"/>
<file href="res/data/slide10.js"/>
<file href="res/data/slide10.css"/>
<file href="res/data.local-only/slide10.js"/>
<file href="res/data/thmb11.png"/>
<file href="res/data/slide11.js"/>
<file href="res/data/slide11.css"/>
<file href="res/data.local-only/slide11.js"/>
<file href="res/data/thmb12.png"/>
<file href="res/data/slide12.js"/>
<file href="res/data/slide12.css"/>
<file href="res/data.local-only/slide12.js"/>
<file href="res/data/thmb13.png"/>
<file href="res/data/slide13.js"/>
<file href="res/data/slide13.css"/>
<file href="res/data.local-only/slide13.js"/>
<file href="res/data/thmb14.png"/>
<file href="res/data/slide14.js"/>
<file href="res/data/slide14.css"/>
<file href="res/data.local-only/slide14.js"/>
<file href="res/data/thmb15.png"/>
<file href="res/data/slide15.js"/>
<file href="res/data/slide15.css"/>
<file href="res/data.local-only/slide15.js"/>
<file href="res/data/thmb16.png"/>
<file href="res/data/slide16.js"/>
<file href="res/data/slide16.css"/>
<file href="res/data.local-only/slide16.js"/>
<file href="res/data/thmb17.png"/>
<file href="res/data/slide17.js"/>
<file href="res/data/slide17.css"/>
<file href="res/data.local-only/slide17.js"/>
<file href="res/data/thmb18.png"/>
<file href="res/data/slide18.js"/>
<file href="res/data/slide18.css"/>
<file href="res/data.local-only/slide18.js"/>
<file href="res/data/thmb19.png"/>
<file href="res/data/slide19.js"/>
<file href="res/data/slide19.css"/>
<file href="res/data.local-only/slide19.js"/>
<file href="res/data/thmb20.png"/>
<file href="res/data/slide20.js"/>
<file href="res/data/slide20.css"/>
<file href="res/data.local-only/slide20.js"/>
<file href="res/data/thmb21.png"/>
<file href="res/data/slide21.js"/>
<file href="res/data/slide21.css"/>
<file href="res/data.local-only/slide21.js"/>
<file href="res/data/thmb22.png"/>
<file href="res/data/slide22.js"/>
<file href="res/data/slide22.css"/>
<file href="res/data.local-only/slide22.js"/>
<file href="res/data/thmb23.png"/>
<file href="res/data/slide23.js"/>
<file href="res/data/slide23.css"/>
<file href="res/data.local-only/slide23.js"/>
<file href="res/data/thmb24.png"/>
<file href="res/data/slide24.js"/>
<file href="res/data/slide24.css"/>
<file href="res/data.local-only/slide24.js"/>
<file href="res/data/thmb25.png"/>
<file href="res/data/slide25.js"/>
<file href="res/data/slide25.css"/>
<file href="res/data.local-only/slide25.js"/>
<file href="res/data/thmb26.png"/>
<file href="res/data/slide26.js"/>
<file href="res/data/slide26.css"/>
<file href="res/data.local-only/slide26.js"/>
<file href="res/data/thmb27.png"/>
<file href="res/data/slide27.js"/>
<file href="res/data/slide27.css"/>
<file href="res/data.local-only/slide27.js"/>
<file href="res/data/thmb28.png"/>
<file href="res/data/slide28.js"/>
<file href="res/data/slide28.css"/>
<file href="res/data.local-only/slide28.js"/>
<file href="res/data/thmb29.png"/>
<file href="res/data/slide29.js"/>
<file href="res/data/slide29.css"/>
<file href="res/data.local-only/slide29.js"/>
<file href="res/data/thmb30.png"/>
<file href="res/data/slide30.js"/>
<file href="res/data/slide30.css"/>
<file href="res/data.local-only/slide30.js"/>
<file href="res/data/thmb31.png"/>
<file href="res/data/slide31.js"/>
<file href="res/data/slide31.css"/>
<file href="res/data.local-only/slide31.js"/>
<file href="res/data/thmb32.png"/>
<file href="res/data/slide32.js"/>
<file href="res/data/slide32.css"/>
<file href="res/data.local-only/slide32.js"/>
<file href="res/data/thmb33.png"/>
<file href="res/data/slide33.js"/>
<file href="res/data/slide33.css"/>
<file href="res/data.local-only/slide33.js"/>
<file href="res/index.html"/>
<file href="res/data/player.js"/>
<file href="res/data/eraser.cur"/>
<file href="res/data/highlighter.cur"/>
<file href="res/data/marker.cur"/>
<file href="res/data/lock.cur"/>
<file href="res/data/browsersupport.js"/>
<file href="res/data/apple-touch-icon.png"/>
<file href="res/data/favicon.ico"/>
<file href="res/data/fnt0.woff"/>
<file href="res/data/fnt1.woff"/>
<file href="res/data/fnt2.woff"/>
<file href="res/data/fnt3.woff"/>
<file href="res/data/fnt4.woff"/>
<file href="res/data/fnt5.woff"/>
<file href="res/data/fnt6.woff"/>
<file href="res/data/html5-unsupported.html"/>
<file href="res/data/img0.png"/>
<file href="res/data/img1.png"/>
<file href="res/data/img10.png"/>
<file href="res/data/img11.png"/>
<file href="res/data/img12.png"/>
<file href="res/data/img13.png"/>
<file href="res/data/img14.png"/>
<file href="res/data/img2.png"/>
<file href="res/data/img3.png"/>
<file href="res/data/img4.png"/>
<file href="res/data/img5.png"/>
<file href="res/data/img6.png"/>
<file href="res/data/img7.png"/>
<file href="res/data/img8.png"/>
<file href="res/data/img9.png"/>
<file href="res/data/goodbye.html"/>
</resource>
</resources>
</manifest>
